<?xml version="1.0" encoding="UTF-8" standalone="yes"?>
<project name="InFo" systemTags="1" description="" system="2" subsystem="8" openedwith="JS_EDITOR" backupVersion="2.0" withCertificates="false" modelVersion="45">
    <asset compressed="false" id="11650505" name="GenericService_Impl" type="60"/>
    <asset compressed="false" id="11650504" name="GenericService" type="200"/>
    <asset compressed="false" id="11650503" name="JavaScript1" type="60"/>
    <asset compressed="false" id="11650491" name="Modal1" type="400"/>
    <asset compressed="false" id="11650489" name="Screen1" type="50"/>
    <asset compressed="false" id="11650141" name="InFood_Food_list_service" type="440">
        <property name="folder" value="/InFood"/>
    </asset>
    <asset compressed="false" id="11650140" name="InFood_Food_delete_service" type="440">
        <property name="folder" value="/InFood"/>
    </asset>
    <asset compressed="false" id="11650139" name="InFood_Food_create_service" type="440">
        <property name="folder" value="/InFood"/>
    </asset>
    <asset compressed="false" id="11650138" name="InFood_settings" type="220">
        <property name="folder" value="/InFood"/>
    </asset>
    <asset compressed="false" id="11650074" name="Meny" type="50"/>
    <asset compressed="false" id="11650027" name="mailgun" type="50"/>
    <asset compressed="true" id="11650026" name="Mailgun_Icon_Email_with_Mailgun.png" type="10"/>
    <asset compressed="true" id="11650023" name="Mailgun_Icon.png" type="10"/>
    <asset compressed="false" id="11650022" name="MailgunEmail_Mailgun_service" type="450"/>
    <asset compressed="false" id="11619326" name="Laxsushibestalld" type="50"/>
    <asset compressed="true" id="11619212" name="Laxsushi.jpg" type="10">
        <property name="FORMAT" value="JPEG"/>
        <property name="HEIGHT" value="290"/>
        <property name="WIDTH" value="510"/>
    </asset>
    <asset compressed="false" id="11619210" name="Laxsushi" type="50"/>
    <asset compressed="true" id="11599412" name="Kycklingsallad.jpg" type="10">
        <property name="FORMAT" value="JPEG"/>
        <property name="HEIGHT" value="183"/>
        <property name="WIDTH" value="275"/>
    </asset>
    <asset compressed="false" id="11599396" name="Kycklingsallad" type="50"/>
    <asset compressed="true" id="11599378" name="Slimfood_logo.png" type="10">
        <property name="FORMAT" value="png"/>
        <property name="HEIGHT" value="183"/>
        <property name="WIDTH" value="268"/>
    </asset>
    <asset compressed="false" id="11599217" name="Slimfood" type="50"/>
    <asset compressed="false" id="11524180" name="Karta" type="50"/>
    <asset compressed="false" id="11519938" name="Tackfordittmeddelande" type="50"/>
    <asset compressed="true" id="11519654" name="Paprika-Logo.jpg" type="10">
        <property name="FORMAT" value="JPEG"/>
        <property name="HEIGHT" value="267"/>
        <property name="WIDTH" value="400"/>
    </asset>
    <asset compressed="false" id="11496983" name="Pratamedoss" type="50"/>
    <asset compressed="false" id="11488299" name="Bestalla" type="50"/>
    <asset compressed="true" id="11476826" name="infood1.jpg" type="10">
        <property name="FORMAT" value="JPEG"/>
        <property name="HEIGHT" value="446"/>
        <property name="WIDTH" value="614"/>
    </asset>
    <asset compressed="true" id="11476823" name="infood11.jpg" type="10">
        <property name="FORMAT" value="JPEG"/>
        <property name="HEIGHT" value="338"/>
        <property name="WIDTH" value="406"/>
    </asset>
    <asset compressed="false" id="11476722" name="backButton" type="60"/>
    <asset compressed="false" id="11476721" name="navigateTo" type="60"/>
    <asset compressed="false" id="11476720" name="Routing" type="390"/>
    <asset compressed="false" id="11476719" name="Project Descriptor-33" type="120"/>
    <asset compressed="false" id="11476718" name="index" type="50"/>
    <asset compressed="false" id="11476717" name="Model" type="380"/>
    <asset compressed="false" id="11476716" name="Settings" type="220"/>
    <asset compressed="false" id="11476715" name="Project metadata" type="230"/>
    <asset compressed="false" id="11476714" name="Huvudmeny" type="50"/>
</project>
