<?xml version="1.0" encoding="UTF-8" standalone="yes"?>
<project name="Testiq" systemTags="1" description="" system="2" subsystem="1" openedwith="JS_EDITOR" backupVersion="2.0" withCertificates="false" modelVersion="45">
    <asset compressed="false" id="12480585" name="Testtid" type="50"/>
    <asset compressed="false" id="12480478" name="Test1" type="50"/>
    <asset compressed="false" id="12480428" name="jqm-classic" type="270"/>
    <asset compressed="false" id="12480426" name="material-design_Material_Design_UI_Theme" type="270"/>
    <asset compressed="true" id="12480425" name="material-design.png" type="10"/>
    <asset compressed="false" id="12480423" name="cappuccino-flat" type="270"/>
    <asset compressed="false" id="12480422" name="dendrite-flat" type="270"/>
    <asset compressed="false" id="12480421" name="gelato-flat" type="270"/>
    <asset compressed="false" id="12480420" name="flat-ui-flat" type="270"/>
    <asset compressed="false" id="12480419" name="olive-flat" type="270"/>
    <asset compressed="false" id="12480418" name="pastel-flat" type="270"/>
    <asset compressed="false" id="12480417" name="twitter-bootstrap-flat" type="270"/>
    <asset compressed="false" id="12480416" name="winter-flat" type="270"/>
    <asset compressed="true" id="12480415" name="Themes_icon.png" type="10"/>
    <asset compressed="false" id="12480414" name="olive_Olive_JQM_1_3_Theme" type="270"/>
    <asset compressed="false" id="12480413" name="olive" type="270"/>
    <asset compressed="false" id="12480412" name="pastel_Pastel_JQM_1_3_Theme" type="270"/>
    <asset compressed="false" id="12480411" name="twitter-bootstrap_Twitter_bootstrap_JQM_1_3_Theme" type="270"/>
    <asset compressed="false" id="12480410" name="pastel" type="270"/>
    <asset compressed="false" id="12480409" name="twitter-bootstrap" type="270"/>
    <asset compressed="false" id="12480408" name="winter_Winter_JQM_1_3_Theme" type="270"/>
    <asset compressed="false" id="12480407" name="winter" type="270"/>
    <asset compressed="false" id="12480406" name="jqm_Jqm_JQM_1_4_Theme" type="270"/>
    <asset compressed="false" id="12480405" name="jqm" type="270"/>
    <asset compressed="true" id="12480404" name="iconsetIOS7_Ios7_JQM_1_4_Theme.woff" type="420"/>
    <asset compressed="true" id="12480403" name="iconsetIOS7_Ios7_JQM_1_4_Theme.ttf" type="420"/>
    <asset compressed="true" id="12480402" name="iconsetIOS7_Ios7_JQM_1_4_Theme.svg" type="420"/>
    <asset compressed="true" id="12480401" name="iconsetIOS7_Ios7_JQM_1_4_Theme.eot" type="420"/>
    <asset compressed="false" id="12480400" name="ios7_Ios7_JQM_1_4_Theme" type="270"/>
    <asset compressed="true" id="12480399" name="iconsetIOS7.woff" type="420"/>
    <asset compressed="true" id="12480398" name="iconsetIOS7.ttf" type="420"/>
    <asset compressed="true" id="12480397" name="iconsetIOS7.svg" type="420"/>
    <asset compressed="true" id="12480396" name="iconsetIOS7.eot" type="420"/>
    <asset compressed="false" id="12480395" name="ios7" type="270"/>
    <asset compressed="false" id="12480394" name="ios-like_Ios_like_JQM_1_4_Theme" type="270"/>
    <asset compressed="true" id="12480393" name="backButtonSprite_Ios_like_JQM_1_4_Theme.png" type="10"/>
    <asset compressed="true" id="12480392" name="icons-18-black.png" type="10"/>
    <asset compressed="true" id="12480391" name="tiling_stripes_Ios_like_JQM_1_4_Theme.gif" type="10"/>
    <asset compressed="false" id="12480390" name="ios-like" type="270"/>
    <asset compressed="true" id="12480389" name="backButtonSprite.png" type="10"/>
    <asset compressed="true" id="12480388" name="tiling_stripes.gif" type="10"/>
    <asset compressed="false" id="12480387" name="gelato_Gelato_JQM_1_4_Theme" type="270"/>
    <asset compressed="false" id="12480386" name="gelato" type="270"/>
    <asset compressed="false" id="12480385" name="flat-ui_Flat_ui_JQM_1_4_Theme" type="270"/>
    <asset compressed="false" id="12480384" name="flat-ui_Flat_ui_JQM_1_3_Theme" type="270"/>
    <asset compressed="false" id="12480383" name="dendrite_Dendrite_JQM_1_4_Theme" type="270"/>
    <asset compressed="false" id="12480382" name="dendrite" type="270"/>
    <asset compressed="false" id="12480381" name="cappuccino_Cappuccino_JQM_1_4_Theme" type="270"/>
    <asset compressed="false" id="12480380" name="cappuccino" type="270"/>
    <asset compressed="false" id="12480379" name="flat-ui_Clickable_List_App_2" type="270"/>
    <asset compressed="false" id="12480378" name="ProductDetails_service" type="450"/>
    <asset compressed="false" id="12480377" name="GetProducts_service" type="450"/>
    <asset compressed="false" id="12480375" name="flat-ui_Clickable_List_App" type="270"/>
    <asset compressed="false" id="12480374" name="material-design" type="270"/>
    <asset compressed="true" id="12480372" name="apperyio_logo_plugins.png" type="10"/>
    <asset compressed="false" id="12480355" name="Project metadata" type="230"/>
    <asset compressed="false" id="12480354" name="flat-ui" type="270"/>
    <asset compressed="false" id="12480353" name="Test2" type="50"/>
    <asset compressed="false" id="12480352" name="Model and Storage" type="380"/>
    <asset compressed="false" id="12480351" name="Project Descriptor-33" type="120"/>
</project>
